velocity,ready_to_switch_on,switched_on,operation_enabled,voltage_enabled,acceleration,fault,switch_on_disabled,statusword,position,warning,torque,quick_stop
0,True,True,True,True,0,False,False,1591,0.09936120869031134,False,0,True
0.0,True,True,True,True,0.0,False,False,1591,0.09936120869031134,False,1.081,True
0.0,True,True,True,True,0.0,False,False,1591,0.0993731929152167,False,1.078,True
0.0,True,True,True,True,0.0,False,False,1591,0.09936120869031134,False,1.01,True
0.0,True,True,True,True,0.0,False,False,1591,0.09936120869031134,False,1.073,True
0.0,True,True,True,True,0.0,False,False,1591,0.0993731929152167,False,1.071,True
-0.0005392901207410457,True,True,True,True,-0.053929012074104575,False,False,1591,0.09936120869031134,False,0.999,True
-0.00017976337358034856,True,True,True,True,0.035952674716069714,False,False,1591,0.09936120869031134,False,1.072,True
-1.1984224905356572e-05,True,True,True,True,0.0167779148674992,False,False,1591,0.09936120869031134,False,1.06,True
-0.00017976337358034856,True,True,True,True,-0.0167779148674992,False,False,1591,0.09936120869031134,False,1.057,True
-7.190534943213943e-05,True,True,True,True,0.010785802414820913,False,False,1591,0.09936120869031134,False,1.055,True
0.00026365294791784455,True,True,True,True,0.0335558297349984,False,False,1591,0.09936120869031134,False,1.109,True
0.0,True,True,True,True,-0.026365294791784455,False,False,1591,0.09936120869031134,False,1.053,True
0.0,True,True,True,True,0.0,False,False,1591,0.09936120869031134,False,1.05,True
0.0,True,True,True,True,0.0,False,False,1591,0.09936120869031134,False,1.048,True
0.0,True,True,True,True,0.0,False,False,1591,0.09936120869031134,False,1.045,True
0.0,True,True,True,True,0.0,False,False,1591,0.09934922446540598,False,1.043,True
0.0,True,True,True,True,0.0,False,False,1591,0.09936120869031134,False,1.104,True
0.0,True,True,True,True,0.0,False,False,1591,0.09936120869031134,False,1.038,True
0.0,True,True,True,True,0.0,False,False,1591,0.09936120869031134,False,1.035,True
0.0,True,True,True,True,0.0,False,False,1591,0.09933724024050063,False,1.032,True
0.0,True,True,True,True,0.0,False,False,1591,0.09936120869031134,False,1.096,True
0.0,True,True,True,True,0.0,False,False,1591,0.09936120869031134,False,1.03,True
0.0,True,True,True,True,0.0,False,False,1591,0.09934922446540598,False,1.027,True
0.0,True,True,True,True,0.0,False,False,1591,0.0993731929152167,False,1.088,True
0.0,True,True,True,True,0.0,False,False,1591,0.09936120869031134,False,0.959,True
0.0,True,True,True,True,0.0,False,False,1591,0.09934922446540598,False,1.022,True
0.0,True,True,True,True,0.0,False,False,1591,0.09934922446540598,False,1.083,True
0.0,True,True,True,True,0.0,False,False,1591,0.09936120869031134,False,1.083,True
0.0,True,True,True,True,0.0,False,False,1591,0.09934922446540598,False,1.017,True
-0.0006351639199838983,True,True,True,True,-0.06351639199838983,False,False,1591,0.09934922446540598,False,1.078,True
0.0,True,True,True,True,0.06351639199838983,False,False,1591,0.09936120869031134,False,1.078,True
0.0,True,True,True,True,0.0,False,False,1591,0.09934922446540598,False,1.012,True
0.0,True,True,True,True,0.0,False,False,1591,0.09936120869031134,False,1.076,True
0.0,True,True,True,True,0.0,False,False,1591,0.09934922446540598,False,1.01,True
0.0,True,True,True,True,0.0,False,False,1591,0.09934922446540598,False,1.073,True
0.0,True,True,True,True,0.0,False,False,1591,0.09936120869031134,False,1.071,True
0.0,True,True,True,True,0.0,False,False,1591,0.09934922446540598,False,1.007,True
0.0,True,True,True,True,0.0,False,False,1591,0.09936120869031134,False,1.068,True
0.0,True,True,True,True,0.0,False,False,1591,0.09934922446540598,False,1.005,True
0.0,True,True,True,True,0.0,False,False,1591,0.09936120869031134,False,1.065,True
0.0,True,True,True,True,0.0,False,False,1591,0.09934922446540598,False,1.002,True
0.0,True,True,True,True,0.0,False,False,1591,0.09934922446540598,False,1.063,True
0.0,True,True,True,True,0.0,False,False,1591,0.09936120869031134,False,1.063,True
0.0,True,True,True,True,0.0,False,False,1591,0.09936120869031134,False,0.997,True
0.0,True,True,True,True,0.0,False,False,1591,0.09936120869031134,False,0.997,True
0.0,True,True,True,True,0.0,False,False,1591,0.09934922446540598,False,0.997,True
0.0,True,True,True,True,0.0,False,False,1591,0.09936120869031134,False,1.058,True
0.0,True,True,True,True,0.0,False,False,1591,0.09934922446540598,False,0.994,True
0.0,True,True,True,True,0.0,False,False,1591,0.09934922446540598,False,1.058,True
0.0,True,True,True,True,0.0,False,False,1591,0.09934922446540598,False,1.055,True
0.0,True,True,True,True,0.0,False,False,1591,0.09936120869031134,False,1.055,True
0.0,True,True,True,True,0.0,False,False,1591,0.09936120869031134,False,0.992,True
0.0,True,True,True,True,0.0,False,False,1591,0.09936120869031134,False,1.053,True
0.0,True,True,True,True,0.0,False,False,1591,0.09934922446540598,False,0.989,True
0.0,True,True,True,True,0.0,False,False,1591,0.09934922446540598,False,1.053,True
0.0,True,True,True,True,0.0,False,False,1591,0.09934922446540598,False,1.053,True
0.0,True,True,True,True,0.0,False,False,1591,0.09934922446540598,False,0.987,True
0.0,True,True,True,True,0.0,False,False,1591,0.09934922446540598,False,0.987,True
0.0,True,True,True,True,0.0,False,False,1591,0.09936120869031134,False,1.05,True
0.0,True,True,True,True,0.0,False,False,1591,0.09934922446540598,False,0.987,True
0.0,True,True,True,True,0.0,False,False,1591,0.09934922446540598,False,1.05,True
0.0,True,True,True,True,0.0,False,False,1591,0.09934922446540598,False,1.048,True
0.0,True,True,True,True,0.0,False,False,1591,0.09936120869031134,False,1.048,True
0.0,True,True,True,True,0.0,False,False,1591,0.09934922446540598,False,0.984,True
-0.000167779148674992,True,True,True,True,-0.0167779148674992,False,False,1591,0.09934922446540598,False,1.044,True
-0.0005153216709303326,True,True,True,True,-0.034754252225534056,False,False,1591,0.09936120869031134,False,1.049,True
0.0,True,True,True,True,0.05153216709303326,False,False,1591,0.09936120869031134,False,0.982,True
0.0,True,True,True,True,0.0,False,False,1591,0.09934922446540598,False,0.982,True
0.0,True,True,True,True,0.0,False,False,1591,0.09936120869031134,False,1.045,True
0.0,True,True,True,True,0.0,False,False,1591,0.09934922446540598,False,0.982,True
0.0,True,True,True,True,0.0,False,False,1591,0.09934922446540598,False,1.045,True
0.0,True,True,True,True,0.0,False,False,1591,0.09934922446540598,False,1.045,True
3.5952674716069715e-05,True,True,True,True,0.0035952674716069714,False,False,1591,0.09936120869031134,False,1.043,True
0.0,True,True,True,True,-0.0035952674716069714,False,False,1591,0.09934922446540598,False,0.979,True
0.0,True,True,True,True,0.0,False,False,1591,0.09936120869031134,False,1.043,True
0.0,True,True,True,True,0.0,False,False,1591,0.09934922446540598,False,0.979,True
0.0,True,True,True,True,0.0,False,False,1591,0.09934922446540598,False,1.043,True
0.0,True,True,True,True,0.0,False,False,1591,0.09933724024050063,False,1.043,True
0.0,True,True,True,True,0.0,False,False,1591,0.09936120869031134,False,1.043,True
0.0,True,True,True,True,0.0,False,False,1591,0.09934922446540598,False,0.979,True
0.0,True,True,True,True,0.0,False,False,1591,0.09934922446540598,False,1.04,True
0.0,True,True,True,True,0.0,False,False,1591,0.09934922446540598,False,1.04,True
0.0,True,True,True,True,0.0,False,False,1591,0.09934922446540598,False,0.977,True
0.0,True,True,True,True,0.0,False,False,1591,0.09934922446540598,False,1.104,True
0.0,True,True,True,True,0.0,False,False,1591,0.09934922446540598,False,1.04,True
0.0,True,True,True,True,0.0,False,False,1591,0.09936120869031134,False,1.04,True
0.0,True,True,True,True,0.0,False,False,1591,0.09934922446540598,False,0.977,True
0.0,True,True,True,True,0.0,False,False,1591,0.09934922446540598,False,1.04,True
0.0,True,True,True,True,0.0,False,False,1591,0.09936120869031134,False,1.04,True
0.0,True,True,True,True,0.0,False,False,1591,0.09933724024050063,False,0.977,True
0.0,True,True,True,True,0.0,False,False,1591,0.09934922446540598,False,1.104,True
0.0,True,True,True,True,0.0,False,False,1591,0.09934922446540598,False,1.04,True
0.0,True,True,True,True,0.0,False,False,1591,0.09934922446540598,False,1.04,True
3.5952674716069715e-05,True,True,True,True,0.0035952674716069714,False,False,1591,0.09933724024050063,False,1.038,True
0.0,True,True,True,True,-0.0035952674716069714,False,False,1591,0.09934922446540598,False,1.101,True
0.0,True,True,True,True,0.0,False,False,1591,0.09933724024050063,False,1.038,True
-0.0003235740724446274,True,True,True,True,-0.03235740724446274,False,False,1591,0.09934922446540598,False,1.1,True
0.0,True,True,True,True,0.03235740724446274,False,False,1591,0.09934922446540598,False,1.038,True
0.0,True,True,True,True,0.0,False,False,4663,0.09934922446540598,False,1.038,True
0.00010785802414820914,True,True,True,True,0.010785802414820914,False,False,4663,0.09938517714012204,False,1.044,True
0.0011864382656303007,True,True,True,True,0.10785802414820915,False,False,4663,0.09943311403974348,False,0.862,True
0.01632251432109565,True,True,True,True,1.5136076055465348,False,False,4663,0.09968478276275597,False,0.85,True
0.044197821450955035,True,True,True,True,2.7875307129859386,False,False,4663,0.1002001044336863,False,0.888,True
0.06940064642691991,True,True,True,True,2.5202824975964875,False,False,4663,0.10095511060272376,False,1.057,True
0.0987619974450435,True,True,True,True,2.936135101812359,False,False,4663,0.10200972239439514,False,1.316,True
0.11851200008907113,True,True,True,True,1.9750002644027624,False,False,4663,0.10326806600945758,False,1.423,True
0.14158163303188254,True,True,True,True,2.3069632942811404,False,False,4663,0.10474212567281643,False,1.503,True
0.16353673305849578,True,True,True,True,2.1955100026613246,False,False,4663,0.10644388560937706,False,1.556,True
0.1802547268014682,True,True,True,True,1.671799374297242,False,False,4663,0.10833739314442341,False,1.551,True
0.20208998457902785,True,True,True,True,2.1835257777559653,False,False,4663,0.11047058517757688,False,1.585,True
0.2256749391927696,True,True,True,True,2.3584954613741744,False,False,4663,0.11283147748393212,False,1.588,True
0.24367524500061516,True,True,True,True,1.8000305807845562,False,False,4663,0.11539610161367843,False,1.505,True
0.2653666920793106,True,True,True,True,2.1691447078695414,False,False,4663,0.11812850489209972,False,1.454,True
0.2883164827730684,True,True,True,True,2.294979069375785,False,False,4663,0.1210646399939121,False,1.588,True
0.3068081418020336,True,True,True,True,1.8491659028965157,False,False,4663,0.12419252269421015,False,1.649,True
0.3232145456974667,True,True,True,True,1.640640389543313,False,False,4663,0.1275720741175207,False,1.821,True
0.34509774037464785,True,True,True,True,2.188319467718114,False,False,4663,0.13109543623969555,False,1.925,True
0.3688145214623485,True,True,True,True,2.3716781087700642,False,False,4663,0.13490641975959894,False,2.087,True
0.384358061164596,True,True,True,True,1.5543539702247477,False,False,4663,0.1388612139783666,False,1.913,True
0.40718800960930024,True,True,True,True,2.282994844470426,False,False,4663,0.14303172424543067,False,1.845,True
0.42706983872728677,True,True,True,True,1.9881829117986527,False,False,4663,0.1474419190106019,False,1.983,True
0.4463284881501948,True,True,True,True,1.9258649422908058,False,False,4663,0.15204386137425882,False,1.967,True
0.46510776857688857,True,True,True,True,1.8779280426693745,False,False,4663,0.1568255671114961,False,2.089,True
0.4876381113989589,True,True,True,True,2.2530342822070337,False,False,4663,0.16182298889702978,False,2.425,True
0.5083588362603204,True,True,True,True,2.0720724861361504,False,False,4663,0.1669762056063331,False,2.479,True
0.5266347792409892,True,True,True,True,1.8275942980668813,False,False,4663,0.17238109103864893,False,2.483,True
0.5467443086321775,True,True,True,True,2.0109529391188263,False,False,4663,0.17796573984454508,False,2.427,True
0.5684956768353997,True,True,True,True,2.175136820322221,False,False,4663,0.18380205737345373,False,2.431,True
0.5871790834628506,True,True,True,True,1.8683406627450938,False,False,4663,0.18979416982613204,False,2.46,True
0.6075642500268621,True,True,True,True,2.038516656401146,False,False,4663,0.19613382480106564,False,2.479,True
0.629675144977245,True,True,True,True,2.2110894950382876,False,False,4663,0.20250943245071534,False,2.243,True
0.6492933211473136,True,True,True,True,1.9618176170068669,False,False,4663,0.20913670882337754,False,2.324,True
0.667149816256295,True,True,True,True,1.7856495108981352,False,False,4663,0.21589581166999863,False,2.096,True
0.6879184780172779,True,True,True,True,2.076866176098291,False,False,4663,0.22284666211510545,False,2.057,True
0.7093942090476769,True,True,True,True,2.1475731030399015,False,False,4663,0.23007314973303547,False,2.343,True
0.7284131739724777,True,True,True,True,1.9018964924800819,False,False,4663,0.23752733762416725,False,2.188,True
0.7476238864957644,True,True,True,True,1.9210712523286655,False,False,4663,0.24519724156359546,False,2.035,True
0.7679251634854384,True,True,True,True,2.030127698967399,False,False,4663,0.2529750035271719,False,2.089,True
0.7900480426607266,True,True,True,True,2.2122879175288213,False,False,4663,0.2611003080130036,False,2.217,True
0.8083359698663007,True,True,True,True,1.828792720557415,False,False,4663,0.26940537587241575,False,1.821,True
0.8270433449435624,True,True,True,True,1.8707375077261612,False,False,4663,0.27786623865559745,False,1.724,True
0.8490463818697971,True,True,True,True,2.200303692623473,False,False,4663,0.28653083326217027,False,1.6,True
0.8711692610450853,True,True,True,True,2.2122879175288213,False,False,4663,0.29567479686495735,False,1.568,True
0.8904638631427093,True,True,True,True,1.9294602097624014,False,False,4663,0.30460304441944797,False,1.227,True
0.8908473583396808,True,True,True,True,0.03834951969714506,False,False,4663,0.31353129197393864,False,1.249,True
0.8714688666677192,True,True,True,True,-1.9378491671961595,False,False,4663,0.32238763417899713,False,1.522,True
0.8479318489535989,True,True,True,True,-2.353701771412031,False,False,4663,0.33088444963689495,False,1.557,True
0.8265999286220642,True,True,True,True,-2.1331920331534637,False,False,4663,0.3392134859461178,False,1.548,True
0.8057953141863652,True,True,True,True,-2.080461443569903,False,False,4663,0.3471350586085585,False,1.914,True
0.7863089644902553,True,True,True,True,-1.948634969610985,False,False,4663,0.3550446470460938,False,2.319,True
0.7631314735232958,True,True,True,True,-2.3177490966959535,False,False,4663,0.36266661408590056,False,2.005,True
0.7439087767751038,True,True,True,True,-1.9222696748191992,False,False,4663,0.37007286507741094,False,2.069,True
0.7241108372314548,True,True,True,True,-1.9797939543649057,False,False,4663,0.3773472895949624,False,2.119,True
0.7028628064742576,True,True,True,True,-2.1248030757197167,False,False,4663,0.3844299665140281,False,2.288,True
0.6817466021910193,True,True,True,True,-2.111620428323824,False,False,4663,0.39128494315989204,False,2.236,True
0.6614093725266292,True,True,True,True,-2.033722966439011,False,False,4663,0.39786428263293283,False,2.225,True
0.6402811840184855,True,True,True,True,-2.1128188508143686,False,False,4663,0.40422790605767717,False,2.37,True
0.6227242945321382,True,True,True,True,-1.7556889486347371,False,False,4663,0.4104716872333679,False,2.446,True
0.6003137939591214,True,True,True,True,-2.2410500573016745,False,False,4663,0.41646379968604624,False,2.401,True
0.5784785361815618,True,True,True,True,-2.183525777755968,False,False,4663,0.42222821186552273,False,2.416,True
0.5580694011677395,True,True,True,True,-2.0409135013822244,False,False,4663,0.42786079757104034,False,2.358,True
0.5390264677931279,True,True,True,True,-1.9042933374611604,False,False,4663,0.4332177461037347,False,2.282,True
0.5181859006827128,True,True,True,True,-2.0840567110415154,False,False,4663,0.4383469943632273,False,2.354,True
0.4969618383753263,True,True,True,True,-2.1224062307386435,False,False,4663,0.44329647924913956,False,2.402,True
0.4788656587682379,True,True,True,True,-1.8096179607088425,False,False,4663,0.4481021534361876,False,2.366,True
0.4566948426933282,True,True,True,True,-2.217081607490967,False,False,4663,0.45269211157493916,False,2.202,True
0.43734031947117735,True,True,True,True,-1.9354523222150866,False,False,4663,0.45705436944048894,False,2.262,True
0.41639189433661405,True,True,True,True,-2.0948425134563298,False,False,4663,0.4612488481573637,False,2.082,True
0.3939214726390705,True,True,True,True,-2.247042169754354,False,False,4663,0.4651197528017939,False,1.991,True
0.3757294192327392,True,True,True,True,-1.8192053406331288,False,False,4663,0.4688708151971705,False,2.141,True
0.3571658548543419,True,True,True,True,-1.8563564378397346,False,False,4663,0.47238219309443996,False,2.182,True
0.33679267251523576,True,True,True,True,-2.037318233910612,False,False,4663,0.4757377760679398,False,2.289,True
0.3172703701444099,True,True,True,True,-1.9522302370825861,False,False,4663,0.47884169031842716,False,2.292,True
0.2935056521570878,True,True,True,True,-2.37647179873221,False,False,4663,0.48175385697042883,False,2.194,True
0.27495407200359584,True,True,True,True,-1.8551580153491953,False,False,4663,0.48445030757413404,False,2.037,True
0.2519443601853112,True,True,True,True,-2.300971181828465,False,False,4663,0.4869430263544482,False,1.876,True
0.2321344364167568,True,True,True,True,-1.9809923768554394,False,False,4663,0.4892439975362767,False,1.878,True
0.21288777121875413,True,True,True,True,-1.9246665198002666,False,False,4663,0.49136520534452477,False,1.884,True
0.19274228915284974,True,True,True,True,-2.0145482065904385,False,False,4663,0.4932107759799497,False,1.599,True
0.17339975015560424,True,True,True,True,-1.93425389972455,False,False,4663,0.4948765832417943,False,1.699,True
0.15158846082785526,True,True,True,True,-2.181128932774898,False,False,4663,0.4963506429051531,False,1.695,True
0.13029249317103664,True,True,True,True,-2.1295967656818626,False,False,4663,0.4976329549700263,False,1.645,True
0.11279552480921605,True,True,True,True,-1.7496968361820588,False,False,4663,0.498699550986603,False,1.59,True
0.09214670529728668,True,True,True,True,-2.064881951192937,False,False,5687,0.4995863836295994,False,1.507,True
0.07071891116650914,True,True,True,True,-2.142779413077754,False,False,5687,0.5002335317744887,False,1.426,True
0.05219129946282787,True,True,True,True,-1.8527611703681266,False,False,5687,0.5006769480959868,False,1.426,True
0.03184208557353241,True,True,True,True,-2.034921388929546,False,False,5687,0.5009406010439047,False,1.463,True
0.012703278399677966,True,True,True,True,-1.9138807173854442,False,False,5687,0.5010005221684315,False,1.4,True
0.0005632585705517589,True,True,True,True,-1.2140019829126207,False,False,5687,0.5010125063933368,False,1.443,True
3.5952674716069715e-05,True,True,True,True,-0.05273058958356892,False,False,5687,0.5010005221684315,False,1.388,True
-0.0006471481448892548,True,True,True,True,-0.06831008196053245,False,False,5687,0.5009885379435262,False,1.439,True
3.5952674716069715e-05,True,True,True,True,0.06831008196053245,False,False,5687,0.5009885379435262,False,1.488,True
-0.000587227020362472,True,True,True,True,-0.06231796950785417,False,False,5687,0.5009885379435262,False,1.538,True
-0.0014860438882642148,True,True,True,True,-0.08988168679017429,False,False,5687,0.5009645694937154,False,1.49,True
-0.0023129554067338183,True,True,True,True,-0.08269115184696034,False,False,5687,0.5009406010439047,False,1.453,True
-0.003127882700298065,True,True,True,True,-0.08149272935642467,False,False,5687,0.5009046483691886,False,1.441,True
-0.003463440997648049,True,True,True,True,-0.03355582973499842,False,False,5687,0.5008686956944726,False,1.52,True
-0.0036791570459444676,True,True,True,True,-0.021571604829641843,False,False,5687,0.5008447272446619,False,1.457,True
-0.003882888869335529,True,True,True,True,-0.020373182339106146,False,False,5687,0.5008087745699458,False,1.382,True
-0.003954794218767668,True,True,True,True,-0.007190534943213919,False,False,5687,0.500748853445419,False,1.429,True
-0.003966778443673025,True,True,True,True,-0.0011984224905356965,False,False,5687,0.5007368692205136,False,1.473,True
-0.0037989992949980333,True,True,True,True,0.016777914867499185,False,False,5687,0.5007009165457975,False,1.328,True
-0.0037510623953766068,True,True,True,True,0.004793689962142656,False,False,5687,0.5006529796461762,False,1.308,True
-0.0036791570459444676,True,True,True,True,0.007190534943213919,False,False,5687,0.5006290111963654,False,1.356,True
-0.0035473305719855453,True,True,True,True,0.013182647395892227,False,False,5687,0.5006050427465547,False,1.284,True
-0.0034993936723641188,True,True,True,True,0.004793689962142656,False,False,5687,0.500581074296744,False,1.213,True
-0.003307646073878414,True,True,True,True,0.01917475984857049,False,False,5687,0.5005331373971226,False,1.16,True
-0.0030679615757712823,True,True,True,True,0.02396844981071315,False,False,4663,0.5005091689473119,False,1.23,True
-0.0038709046444301725,True,True,True,True,-0.08029430686588902,False,False,4663,0.5004492478227851,False,1.197,True
-0.01635846699581172,True,True,True,True,-1.2487562351381547,False,False,4663,0.5002215475495833,False,1.13,True
-0.03548528994476081,True,True,True,True,-1.9126822948949087,False,False,4663,0.4998260681277065,False,1.096,True
-0.057895790517777594,True,True,True,True,-2.2410500573016785,False,False,4663,0.49917891998281727,False,0.935,True
-0.07782555653538557,True,True,True,True,-1.992976601760798,False,False,4663,0.4983040715647262,False,0.852,True
-0.09569403586927222,True,True,True,True,-1.7868479333886647,False,False,4663,0.4972135070983388,False,0.838,True
-0.12104067154410138,True,True,True,True,-2.534663567482916,False,False,4663,0.4958952423587496,False,0.914,True
-0.1402154313926719,True,True,True,True,-1.917475984857052,False,False,4663,0.49438523002067464,False,0.903,True
-0.16305736406228152,True,True,True,True,-2.284193266960963,False,False,4663,0.49270743853392474,False,0.808,True
-0.18418555257042515,True,True,True,True,-2.112818850814363,False,False,4663,0.4907540098743516,False,0.507,True
-0.2015027575586654,True,True,True,True,-1.7317204988240242,False,False,4663,0.4885848651664821,False,0.573,True
-0.2260943870644571,True,True,True,True,-2.459162950579169,False,False,4663,0.4862239728601268,False,0.816,True
-0.2460361373069704,True,True,True,True,-1.9941750242513323,False,False,4663,0.48368331718019125,False,0.712,True
-0.26675686216833194,True,True,True,True,-2.0720724861361535,False,False,4663,0.4809029770021485,False,0.698,True
-0.2872139340817756,True,True,True,True,-2.0457071913443645,False,False,4663,0.4779308892256201,False,0.673,True
-0.3080545011921907,True,True,True,True,-2.0840567110415096,False,False,4663,0.4747550696257006,False,0.682,True
-0.3238257411676399,True,True,True,True,-1.5771239975449214,False,False,4663,0.47139948665220077,False,0.57,True
-0.3469672794598835,True,True,True,True,-2.3141538292243578,False,False,4663,0.4677922349556884,False,0.402,True
-0.36722061954993607,True,True,True,True,-2.0253340090052583,False,False,4663,0.46400521988559573,False,0.332,True
-0.38972699392219573,True,True,True,True,-2.2506374372259663,False,False,4663,0.46003844144192274,False,0.301,True
-0.40602553979348066,True,True,True,True,-1.629854587128493,False,False,4663,0.45580801005033184,False,-0.005,True
-0.42987414735514023,True,True,True,True,-2.384860756165957,False,False,4663,0.4513498783855392,False,0.106,True
-0.4481141376610929,True,True,True,True,-1.8239990305952691,False,False,4663,0.4466999991222608,False,0.241,True
-0.47006923768770614,True,True,True,True,-2.1955100026613215,False,False,4663,0.4419182933850236,False,0.194,True
-0.4916168740675373,True,True,True,True,-2.1547636379831148,False,False,4663,0.43684896625005776,False,-0.196,True
-0.5075558931916615,True,True,True,True,-1.593901912412421,False,False,4663,0.4315639230667955,False,-0.108,True
-0.5307693368333372,True,True,True,True,-2.3213443641675657,False,False,4663,0.42606316383523685,False,-0.211,True
-0.5514780774697934,True,True,True,True,-2.0708740636456224,False,False,4663,0.42037065700519244,False,-0.137,True
-0.5695023517274497,True,True,True,True,-1.8024274257656292,False,False,4663,0.4144025130023249,False,0.006,True
-0.5899714078657987,True,True,True,True,-2.046905613834904,False,False,4663,0.4084463532243627,False,0.135,True
-0.6128013563105029,True,True,True,True,-2.2829948444704207,False,False,4663,0.40213066669923975,False,-0.102,True
-0.6321319110828431,True,True,True,True,-1.9330554772340136,False,False,4663,0.3956352168005365,False,-0.063,True
-0.6525170776468546,True,True,True,True,-2.038516656401157,False,False,4663,0.38882817705429396,False,0.014,True
-0.6740886824764964,True,True,True,True,-2.157160482964182,False,False,4663,0.3818893108340925,False,0.431,True
-0.6925803415054617,True,True,True,True,-1.8491659028965213,False,False,4663,0.37484258658974284,False,0.344,True
-0.7128456658204196,True,True,True,True,-2.0265324314957978,False,False,4663,0.36753220939747533,False,0.266,True
-0.7328593214123651,True,True,True,True,-2.0013655591945456,False,False,4663,0.3600061161569114,False,0.242,True
-0.7530407561529855,True,True,True,True,-2.0181434740620396,False,False,4663,0.3522403384182404,False,0.252,True
-0.7737015598898203,True,True,True,True,-2.0660803736834765,False,False,4663,0.344330749980705,False,0.273,True
-0.7949735590968282,True,True,True,True,-2.127199920700795,False,False,4663,0.3361934612699679,False,0.143,True
-0.813321407426929,True,True,True,True,-1.8347848330100835,False,False,4663,0.3278164880611237,False,0.217,True
-0.8341140376377227,True,True,True,True,-2.0792630210793694,False,False,4663,0.3192837199285098,False,0.625,True
-0.8523300594938648,True,True,True,True,-1.8216021856142017,False,False,4663,0.3104753146230727,False,0.753,True
-0.8754476293362976,True,True,True,True,-2.311756984243285,False,False,4663,0.3015590512934874,False,0.907,True
-0.8945504838354359,True,True,True,True,-1.9102854499138289,False,False,4663,0.2926068352891861,False,1.14,True
-0.8864731162492256,True,True,True,True,0.8077367586210249,False,False,4663,0.28375049308412753,False,1.212,True
-0.8636551520294267,True,True,True,True,2.281796421979898,False,False,4663,0.2750739142526494,False,0.939,True
-0.8414363990548956,True,True,True,True,2.221875297453102,False,False,4663,0.2664932092204141,False,0.573,True
-0.8215425857120037,True,True,True,True,1.9893813342891975,False,False,4663,0.25822409403571805,False,0.642,True
-0.7982212840461798,True,True,True,True,2.3321301665823913,False,False,4663,0.25025458447365595,False,0.499,True
-0.7779679439561272,True,True,True,True,2.025334009005253,False,False,4663,0.24252475940970095,False,0.256,True
-0.7584456415853014,True,True,True,True,1.9522302370825861,False,False,4663,0.2349147765947995,False,0.002,True
-0.7370777685790506,True,True,True,True,2.136787300625076,False,False,4663,0.22753249405309986,False,0.36,True
-0.7190175416466782,True,True,True,True,1.8060226932372414,False,False,4663,0.22038989600950734,False,0.371,True
-0.6968227571219578,True,True,True,True,2.2194784524720346,False,False,4663,0.21336714021496841,False,0.192,True
-0.6740287613519697,True,True,True,True,2.2793995769988196,False,False,4663,0.20656010046872586,False,0.175,True
-0.6538832792860653,True,True,True,True,2.0145482065904385,False,False,4663,0.19994480832096903,False,-0.064,True
-0.6344089138148609,True,True,True,True,1.9474365471204402,False,False,4663,0.19354523222150863,False,0.047,True
-0.6128612774350297,True,True,True,True,2.1547636379831148,False,False,4663,0.18744526174468212,False,0.093,True
-0.593578659562311,True,True,True,True,1.9282617872718677,False,False,4663,0.1815490230912467,False,-0.104,True
-0.5731934929982995,True,True,True,True,2.038516656401157,False,False,4663,0.17585651626120233,False,-0.264,True
-0.5554089032387504,True,True,True,True,1.7784589759549108,False,False,4663,0.17039170970435974,False,-0.166,True
-0.532710781268005,True,True,True,True,2.269812197074539,False,False,4663,0.16502277694675999,False,-0.206,True
-0.512613236101722,True,True,True,True,2.0097545166282926,False,False,4663,0.1600013867114156,False,0.121,True
-0.49305498105618006,True,True,True,True,1.9558255045541983,False,False,4663,0.15512380717493546,False,-0.19,True
-0.4722623508453864,True,True,True,True,2.0792630210793637,False,False,4663,0.15043797523694105,False,-0.299,True
-0.450403124618016,True,True,True,True,2.1859226227370407,False,False,4663,0.14595587512233768,False,-0.125,True
-0.4306531219739884,True,True,True,True,1.9750002644027598,False,False,4663,0.1417014752809361,False,0.015,True
-0.4095249334658448,True,True,True,True,2.112818850814363,False,False,4663,0.1375908861383988,False,-0.285,True
-0.39169240680667416,True,True,True,True,1.7832526659170622,False,False,4663,0.13366006036944184,False,0.125,True
-0.36867071076348423,True,True,True,True,2.302169604318993,False,False,4663,0.13001685599821344,False,0.182,True
-0.3517010482974993,True,True,True,True,1.6969662465984914,False,False,4663,0.1265773834503761,False,0.216,True
-0.3301174592429521,True,True,True,True,2.158358905454721,False,False,4663,0.12334164272592983,False,0.131,True
-0.31060714109703164,True,True,True,True,1.9510318145920469,False,False,4663,0.12028566537506391,False,0.196,True
-0.2901620534084933,True,True,True,True,2.044508768853831,False,False,4663,0.11746937252230512,False,0.259,True
-0.2674040103132212,True,True,True,True,2.2758043095272127,False,False,4663,0.1147968903684106,False,0.13,True
-0.24995497885102202,True,True,True,True,1.7449031462199172,False,False,4663,0.11235210848771786,False,0.167,True
-0.23097196660093722,True,True,True,True,1.8983012250084808,False,False,4663,0.11009907420551082,False,0.183,True
-0.20606874724760624,True,True,True,True,2.490321935333098,False,False,4663,0.10806175597160021,False,0.373,True
-0.1871216876722375,True,True,True,True,1.894705957536874,False,False,4663,0.10619221688636458,False,0.455,True
-0.16409999162904754,True,True,True,True,2.302169604318996,False,False,4663,0.10455037807433074,False,0.654,True
-0.14605174892158054,True,True,True,True,1.8048242707466993,False,False,4663,0.10314822376040401,False,0.78,True
-0.12475578126476192,True,True,True,True,2.1295967656818626,False,False,4663,0.10192583282005764,False,0.818,True
-0.10512562086978784,True,True,True,True,1.9630160394974074,False,False,4663,0.10094312637781841,False,0.989,True
-0.08514791795255844,True,True,True,True,1.9977702917229403,False,False,5687,0.10017613598387558,False,0.888,True
-0.06419949281799515,True,True,True,True,2.0948425134563284,False,False,5687,0.09957692473860776,False,0.787,True
-0.04684633515503884,True,True,True,True,1.7353157662956316,False,False,5687,0.09916946109182563,False,0.879,True
-0.025334651449923792,True,True,True,True,2.151168370511505,False,False,5687,0.09897771349333992,False,0.898,True
-0.007178550718308587,True,True,True,True,1.8156100731615208,False,False,5687,0.09894176081862385,False,0.87,True
-0.0003235740724446274,True,True,True,True,0.6854976645863959,False,False,5687,0.0989297765937185,False,0.887,True
0.0005632585705517589,True,True,True,True,0.08868326429963863,False,False,5687,0.09895374504352922,False,0.957,True
0.0005752427954571154,True,True,True,True,0.001198422490535653,False,False,5687,0.09895374504352922,False,0.841,True
0.000587227020362472,True,True,True,True,0.001198422490535653,False,False,5687,0.09896572926843457,False,0.859,True
0.00083889574337496,True,True,True,True,0.0251668723012488,False,False,5687,0.09898969771824528,False,0.761,True
0.0017257283863713463,True,True,True,True,0.08868326429963863,False,False,5687,0.09900168194315064,False,0.823,True
0.0025286714550302367,True,True,True,True,0.08029430686588904,False,False,5687,0.099013666168056,False,0.803,True
0.0032597091742569877,True,True,True,True,0.0731037719226751,False,False,5687,0.09904961884277207,False,0.896,True
0.0035473305719855453,True,True,True,True,0.02876213977285576,False,False,5687,0.0990975557423935,False,0.886,True
0.003918841544051599,True,True,True,True,0.03715109720660537,False,False,5687,0.09913350841710956,False,0.827,True
0.004038683793105164,True,True,True,True,0.011984224905356531,False,False,5687,0.09916946109182563,False,0.847,True
0.003990746893483738,True,True,True,True,-0.004793689962142612,False,False,5687,0.09919342954163635,False,0.871,True
0.0041585260421587306,True,True,True,True,0.01677791486749923,False,False,5687,0.09924136644125776,False,0.961,True
0.003787015070092677,True,True,True,True,-0.03715109720660537,False,False,5687,0.09927731911597384,False,0.923,True
0.003906857319146242,True,True,True,True,0.011984224905356531,False,False,5687,0.09931327179068991,False,0.945,True
0.0037270939455658937,True,True,True,True,-0.01797633735803484,False,False,5687,0.09934922446540598,False,0.966,True
0.003667172821039111,True,True,True,True,-0.0059921124526782655,False,False,5687,0.09938517714012204,False,0.97,True
0.0035113778972694753,True,True,True,True,-0.015579492376963577,False,False,5687,0.09942112981483812,False,0.976,True
0.0032836776240677008,True,True,True,True,-0.022770027320177452,False,False,5687,0.09945708248955419,False,0.969,True
0.0031518511501087785,True,True,True,True,-0.013182647395892227,False,False,4663,0.09946906671445954,False,0.957,True
0.004985437560628334,True,True,True,True,0.18335864105195557,False,False,4663,0.0995889089635131,False,1.061,True
0.020193418965525824,True,True,True,True,1.5207981404897488,False,False,4663,0.0998405776865256,False,0.932,True
0.03971572133635168,True,True,True,True,1.9522302370825855,False,False,4663,0.10028399400802379,False,1.029,True
0.06128732616599351,True,True,True,True,2.1571604829641826,False,False,4663,0.10095511060272376,False,1.196,True
0.08483632810501918,True,True,True,True,2.354900193902567,False,False,4663,0.10182995902081479,False,1.306,True
0.10590459548863602,True,True,True,True,2.106826738361685,False,False,4663,0.10296846038682367,False,1.562,True
0.12412061734477801,True,True,True,True,1.8216021856141988,False,False,4663,0.1043106935762236,False,1.55,True
0.14817295672982866,True,True,True,True,2.405233938505065,False,False,4663,0.10584467436410924,False,1.531,True
0.1664608839354028,True,True,True,True,1.8287927205574122,False,False,4663,0.10760635542519666,False,1.612,True
0.19108846611591054,True,True,True,True,2.4627582180507757,False,False,4663,0.10954779985986442,False,1.512,True
0.21076656341050604,True,True,True,True,1.9678097294595491,False,False,4663,0.11176488146735539,False,1.602,True
0.22279872521548402,True,True,True,True,1.2032161804977985,False,False,4663,0.11408982109899456,False,1.44,True
0.24820528201483996,True,True,True,True,2.5406556799355937,False,False,4663,0.11669039790345694,False,1.595,True
0.2701004609169264,True,True,True,True,2.189517890208645,False,False,4663,0.11953065920602644,False,1.465,True
0.28665067551122386,True,True,True,True,1.6550214594297452,False,False,4663,0.12250274698255488,False,1.508,True
0.3112542892419209,True,True,True,True,2.4603613730697025,False,False,4663,0.12565459813266366,False,1.653,True
0.32953023222258965,True,True,True,True,1.8275942980668758,False,False,4663,0.129094070680501,False,1.822,True
0.34953190358962977,True,True,True,True,2.000167136704012,False,False,4663,0.13268933815210796,False,1.856,True
0.3712952560177573,True,True,True,True,2.1763352428127547,False,False,4663,0.13656024279653814,False,2.066,True
0.39013445756897785,True,True,True,True,1.8839201551220541,False,False,4663,0.14058694236473795,False,1.837,True
0.4101001762613019,True,True,True,True,1.9965718692324053,False,False,4663,0.14484134220613953,False,1.878,True
0.4298501789053295,True,True,True,True,1.9750002644027598,False,False,4663,0.14927550542112145,False,1.93,True
0.45136186261044453,True,True,True,True,2.1511683705115026,False,False,4663,0.1539253846843998,False,1.997,True
0.47120773905371505,True,True,True,True,1.9845876443270516,False,False,4663,0.15877899577106921,False,2.115,True
0.49259958050977654,True,True,True,True,2.1391841456061487,False,False,4663,0.16384832290603504,False,2.318,True
0.5146505543356326,True,True,True,True,2.205097382585602,False,False,4663,0.1691333660892973,False,2.525,True
0.533717456160055,True,True,True,True,1.9066901824422389,False,False,4663,0.17453825152161312,False,2.234,True
0.5528322948840987,True,True,True,True,1.9114838724043737,False,False,4663,0.18023075835165747,False,2.388,True
0.5739604833922423,True,True,True,True,2.1128188508143575,False,False,4663,0.18605509165566078,False,2.365,True
0.5937943756106074,True,True,True,True,1.983389221836518,False,False,4663,0.19219101480720335,False,2.464,True
0.615557728038735,True,True,True,True,2.1763352428127547,False,False,4663,0.19844678020779946,False,2.447,True
0.6321438953077484,True,True,True,True,1.6586167269013408,False,False,4663,0.20496619855631346,False,2.459,True
0.6537874054868225,True,True,True,True,2.1643510179074066,False,False,4663,0.21165339605350242,False,2.095,True
0.6762817956341767,True,True,True,True,2.2494390147354215,False,False,4663,0.2185802780487985,False,2.347,True
0.6958999718042455,True,True,True,True,1.961817617006878,False,False,4663,0.2257588287671071,False,2.207,True
0.7149069525041409,True,True,True,True,1.9006980699895482,False,False,4663,0.2331530955337121,False,2.114,True
0.7350044976704239,True,True,True,True,2.0097545166282926,False,False,4663,0.24075109412370818,False,1.974,True
0.7556293487325425,True,True,True,True,2.0624851062118643,False,False,4663,0.2484689349627578,False,1.806,True
0.7775365118595343,True,True,True,True,2.1907163126991813,False,False,4663,0.2564504287497253,False,2.152,True
0.7970947669050763,True,True,True,True,1.9558255045541983,False,False,4663,0.2646955754846106,False,2.033,True
0.8189539931324467,True,True,True,True,2.1859226227370354,False,False,4663,0.27298865911911735,False,1.73,True
0.8370861254142512,True,True,True,True,1.8132132281804547,False,False,4663,0.2816053168260687,False,1.672,True
0.8564766013111181,True,True,True,True,1.9390475896866932,False,False,4663,0.29044967480622186,False,1.638,True
0.8754835820110136,True,True,True,True,1.9006980699895482,False,False,4663,0.29942585926033394,False,1.43,True
0.8923573706777557,True,True,True,True,1.6873788666742051,False,False,4663,0.3084979175136889,False,1.313,True
0.8819310950100955,True,True,True,True,-1.042627566766019,False,False,4663,0.3174261650681795,False,1.337,True
0.8641944421501677,True,True,True,True,-1.773665285992776,False,False,4663,0.32611472812456305,False,1.457,True
0.8414723517296117,True,True,True,True,-2.2722090420556063,False,False,4663,0.3345396382330287,False,1.542,True
0.8178154917664378,True,True,True,True,-2.3656859963173904,False,False,4663,0.3427608165181033,False,1.674,True
0.7995275645608637,True,True,True,True,-1.828792720557404,False,False,4663,0.35075429452997614,False,1.974,True
0.7777642121327362,True,True,True,True,-2.1763352428127547,False,False,4663,0.35855602494336325,False,2.18,True
0.7566599920744033,True,True,True,True,-2.11042200583329,False,False,4663,0.3661300550835486,False,2.094,True
0.7367062576069845,True,True,True,True,-1.995373446741877,False,False,4663,0.37351233762524827,False,2.036,True
0.7149069525041409,True,True,True,True,-2.179930510284356,False,False,4663,0.3806789041186515,False,2.271,True
0.6945217859401294,True,True,True,True,-2.038516656401157,False,False,4663,0.3876896756882851,False,2.336,True
0.6727704177369073,True,True,True,True,-2.17513682032221,False,False,4663,0.39443679431000084,False,2.346,True
0.6521335824498832,True,True,True,True,-2.063683528702409,False,False,4663,0.4009801811083255,False,2.345,True
0.6318203212353039,True,True,True,True,-2.0313261214579326,False,False,4663,0.4073078518583538,False,2.378,True
0.6095536313611513,True,True,True,True,-2.226668987415259,False,False,4663,0.41350369613442317,False,2.416,True
0.5914454675291575,True,True,True,True,-1.8108163831993762,False,False,4663,0.41943588746257465,False,2.396,True
0.5700176733983799,True,True,True,True,-2.1427794130777555,False,False,4663,0.4251403785175244,False,2.318,True
0.5473195514276347,True,True,True,True,-2.2698121970745277,False,False,4663,0.4307010588736098,False,2.346,True
0.5280009808801999,True,True,True,True,-1.93185705474348,False,False,4663,0.43599808628177744,False,2.324,True
0.5076637512158098,True,True,True,True,-2.033722966439011,False,False,4663,0.44106741341674327,False,2.243,True
0.4879137485717821,True,True,True,True,-1.9750002644027653,False,False,4663,0.4459090402785073,False,2.292,True
0.467744298056067,True,True,True,True,-2.0169450515715113,False,False,4663,0.45061884066631247,False,2.618,True
0.44631650392528943,True,True,True,True,-2.1427794130777555,False,False,4663,0.4551009407809158,False,2.296,True
0.42521228386695653,True,True,True,True,-2.11042200583329,False,False,4663,0.4593912932970335,False,2.305,True
0.40342496298901825,True,True,True,True,-2.1787320877938274,False,False,4663,0.463441961315044,False,2.06,True
0.38428615581516384,True,True,True,True,-1.913880717385441,False,False,4663,0.4673008817345688,False,2.081,True
0.3641766264239755,True,True,True,True,-2.0109529391188317,False,False,4663,0.47092011765598646,False,2.06,True
0.34351582268714076,True,True,True,True,-2.0660803736834765,False,False,4663,0.47435959020382384,False,2.241,True
0.325910996301172,True,True,True,True,-1.7604826385968775,False,False,4663,0.4775713624784594,False,2.193,True
0.3021462783138499,True,True,True,True,-2.37647179873221,False,False,4663,0.48063932405423065,False,2.274,True
0.2828277077664151,True,True,True,True,-1.93185705474348,False,False,4663,0.4834196642322734,False,1.974,True
0.2603932387435876,True,True,True,True,-2.2434469022827472,False,False,4663,0.48602024103673575,False,1.961,True
0.24072712567389745,True,True,True,True,-1.9666113069690154,False,False,4663,0.4884051017929017,False,1.843,True
0.2194671106917949,True,True,True,True,-2.1260014982102557,False,False,4663,0.4906221834003927,False,1.91,True
0.20081965673906008,True,True,True,True,-1.8647453952734816,False,False,4663,0.49259958050977654,False,1.672,True
0.18009893187769857,True,True,True,True,-2.0720724861361504,False,False,4663,0.49434927734595857,False,1.599,True
0.1576764470797764,True,True,True,True,-2.2422484797922166,False,False,4663,0.4958832581338442,False,1.621,True
0.13763882303802022,True,True,True,True,-2.0037624041756184,False,False,4663,0.4972374755481495,False,1.691,True
0.11797270996833009,True,True,True,True,-1.9666113069690128,False,False,4663,0.49838796113906375,False,1.66,True
0.09882191856957029,True,True,True,True,-1.9150791398759803,False,False,5687,0.4993586833563976,False,1.569,True
0.07575228562675888,True,True,True,True,-2.3069632942811404,False,False,5687,0.5000657526258137,False,1.379,True
0.05733253194722584,True,True,True,True,-1.8419753679533044,False,False,5687,0.5005690900718387,False,1.323,True
0.03729490790546965,True,True,True,True,-2.0037624041756184,False,False,5687,0.5008926641442832,False,1.439,True
0.01820403763123663,True,True,True,True,-1.909087027423302,False,False,5687,0.5009885379435262,False,1.341,True
0.0021212078082481134,True,True,True,True,-1.6082829822988518,False,False,5687,0.5010125063933368,False,1.435,True
0.0,True,True,True,True,-0.21212078082481134,False,False,5687,0.5010005221684315,False,1.408,True
-1.1984224905356572e-05,True,True,True,True,-0.0011984224905356572,False,False,5687,0.5009885379435262,False,1.397,True
-1.1984224905356572e-05,True,True,True,True,0.0,False,False,5687,0.5010005221684315,False,1.448,True
-0.00011984224905356572,True,True,True,True,-0.010785802414820914,False,False,5687,0.5009765537186207,False,1.367,True
-0.0009946906671445955,True,True,True,True,-0.08748484180910297,False,False,5687,0.50095258526881,False,1.472,True
-0.001905491759951695,True,True,True,True,-0.09108010928070993,False,False,5687,0.50095258526881,False,1.529,True
-0.002660497928989159,True,True,True,True,-0.0755006169037464,False,False,5687,0.5009286168189994,False,1.41,True
-0.0032597091742569877,True,True,True,True,-0.059921124526782873,False,False,5687,0.5008926641442832,False,1.384,True
-0.0035233621221748323,True,True,True,True,-0.026365294791784455,False,False,5687,0.5008447272446619,False,1.39,True
-0.003787015070092677,True,True,True,True,-0.026365294791784455,False,False,5687,0.5008327430197564,False,1.446,True
-0.0038709046444301725,True,True,True,True,-0.008388957433749572,False,False,5687,0.5007848061201351,False,1.302,True
-0.003918841544051599,True,True,True,True,-0.004793689962142656,False,False,5687,0.500748853445419,False,1.348,True
-0.003906857319146242,True,True,True,True,0.0011984224905356965,False,False,5687,0.500712900770703,False,1.325,True
-0.0037270939455658937,True,True,True,True,0.01797633735803484,False,False,5687,0.5006769480959868,False,1.308,True
-0.003882888869335529,True,True,True,True,-0.015579492376963534,False,False,5687,0.5006409954212708,False,1.295,True
-0.003667172821039111,True,True,True,True,0.021571604829641797,False,False,5687,0.5006050427465547,False,1.282,True
-0.00339153564821591,True,True,True,True,0.027563717282320106,False,False,5687,0.500581074296744,False,1.278,True
-0.0034035198731212665,True,True,True,True,-0.001198422490535653,False,False,5687,0.5005451216220279,False,1.226,True
-0.003163835375014135,True,True,True,True,0.02396844981071315,False,False,4663,0.5005211531722172,False,1.235,True
-0.0029960562263391427,True,True,True,True,0.01677791486749923,False,False,4663,0.5004612320476904,False,1.129,True
-0.01296693134759581,True,True,True,True,-0.9970875121256668,False,False,4663,0.5002934528990154,False,1.219,True
-0.03211772274635561,True,True,True,True,-1.9150791398759799,False,False,4663,0.49990995770204405,False,1.073,True
-0.05189169384019395,True,True,True,True,-1.977397109383834,False,False,4663,0.49933471490658693,False,1.096,True
-0.07449394201169644,True,True,True,True,-2.2602248171502493,False,False,4663,0.49849581916321195,False,0.796,True
-0.09622134176510791,True,True,True,True,-2.1727399753411465,False,False,4663,0.49742922314663524,False,0.893,True
-0.11690611395175336,True,True,True,True,-2.0684772186645453,False,False,4663,0.4961588953066674,False,0.92,True
-0.1402993209670094,True,True,True,True,-2.3393207015256032,False,False,4663,0.49468483564330856,False,0.939,True
-0.1613196514510048,True,True,True,True,-2.1020330483995404,False,False,4663,0.493019028381464,False,0.837,True
-0.1790922569856486,True,True,True,True,-1.7772605534643797,False,False,4663,0.49110155239660697,False,0.717,True
-0.19922575482664764,True,True,True,True,-2.013349784099905,False,False,4663,0.48900431303816955,False,0.731,True
-0.22364960518376434,True,True,True,True,-2.4423850357116694,False,False,4663,0.486667389181625,False,0.738,True
-0.24234499603612059,True,True,True,True,-1.8695390852356246,False,False,4663,0.48417467040131085,False,0.786,True
-0.26416826958877493,True,True,True,True,-2.1823273552654343,False,False,4663,0.48144226712288957,False,0.648,True
-0.28197682779813477,True,True,True,True,-1.7808558209359837,False,False,4663,0.47849414779617183,False,0.64,True
-0.3033806534791016,True,True,True,True,-2.1403825680966824,False,False,4663,0.47536626509587376,False,0.776,True
-0.3200507103224526,True,True,True,True,-1.6670056843350989,False,False,4663,0.47203465057218463,False,0.561,True
-0.3459126676682121,True,True,True,True,-2.586195734575952,False,False,4663,0.4684873200001991,False,0.489,True
-0.3630381250579666,True,True,True,True,-1.7125457389754517,False,False,4663,0.4647841945044439,False,0.391,True
-0.38220090068163176,True,True,True,True,-1.916277562366514,False,False,4663,0.46082940028567626,False,0.288,True
-0.40404814268409683,True,True,True,True,-2.184724200246507,False,False,4663,0.4566349215688014,False,0.148,True
-0.4265185643816404,True,True,True,True,-2.247042169754354,False,False,4663,0.45221274257872485,False,0.156,True
-0.4417624984612539,True,True,True,True,-1.5243934079613553,False,False,4663,0.44767072133959473,False,0.161,True
-0.46828358817680804,True,True,True,True,-2.6521089715554114,False,False,4663,0.4428770313774521,False,0.03,True
-0.4843304653250805,True,True,True,True,-1.6046877148272465,False,False,4663,0.4378556411421077,False,0.008,True
-0.5057103225562366,True,True,True,True,-2.1379857231156096,False,False,4663,0.4327144086577097,False,-0.089,True
-0.5275216118839856,True,True,True,True,-2.1811289327749006,False,False,4663,0.4272855547755832,False,-0.21,True
-0.5466724032827454,True,True,True,True,-1.9150791398759748,False,False,4663,0.42164098484516027,False,-0.289,True
-0.5664703428263944,True,True,True,True,-1.9797939543649057,False,False,4663,0.4157567304166302,False,-0.086,True
-0.5872390045873773,True,True,True,True,-2.076866176098291,False,False,4663,0.4097885864137626,False,0.07,True
-0.607696076500821,True,True,True,True,-2.0457071913443703,False,False,4663,0.40353282101316645,False,-0.075,True
-0.6280572746150218,True,True,True,True,-2.0361198114200785,False,False,4663,0.39702538688955785,False,0.027,True
-0.6466088547685138,True,True,True,True,-1.8551580153492009,False,False,4663,0.3902782682678421,False,0.202,True
-0.6667303683846075,True,True,True,True,-2.012151361609371,False,False,4663,0.3834592442966942,False,0.341,True
-0.6869118031252279,True,True,True,True,-2.0181434740620396,False,False,4663,0.37641252005234455,False,0.264,True
-0.7086631713284501,True,True,True,True,-2.175136820322221,False,False,4663,0.36910214286007703,False,0.283,True
-0.7285330162215313,True,True,True,True,-1.986984489308119,False,False,4663,0.3615760496195131,False,0.237,True
-0.7514708226903838,True,True,True,True,-2.293780646885246,False,False,4663,0.3538102718808421,False,0.234,True
-0.7704178822657526,True,True,True,True,-1.8947059575368796,False,False,4663,0.34597258879273884,False,0.271,True
-0.7893529576162159,True,True,True,True,-1.8935075350463348,False,False,4663,0.3377514105076643,False,0.044,True
-0.8094145501077828,True,True,True,True,-2.0061592491566915,False,False,4663,0.3294103899735361,False,0.288,True
-0.8321366405283389,True,True,True,True,-2.2722090420556063,False,False,4663,0.32075777959186863,False,0.506,True
-0.8485190759739614,True,True,True,True,-1.6382435445622456,False,False,4663,0.3120332638607691,False,0.794,True
-0.8697910751809692,True,True,True,True,-2.127199920700784,False,False,4663,0.30309303208137306,False,0.89,True
-0.8917821278822986,True,True,True,True,-2.1991052701329394,False,False,4663,0.29393708425368065,False,0.81,True
-0.8879471759125844,True,True,True,True,0.3834951969714173,False,False,4663,0.28496089979956857,False,1.284,True
-0.8693356746345657,True,True,True,True,1.8611501278018694,False,False,4663,0.2762004313937529,False,0.965,True
-0.8455350039725276,True,True,True,True,2.380067066203817,False,False,4663,0.267835442409814,False,0.624,True
-0.8250539636092732,True,True,True,True,2.0481040363254377,False,False,4663,0.2595303745504019,False,0.563,True
-0.8036261694784956,True,True,True,True,2.1427794130777555,False,False,4663,0.2515249123136237,False,0.54,True
-0.7820905173235698,True,True,True,True,2.153565215492581,False,False,4663,0.24362730810099376,False,0.331,True
-0.7609623288154262,True,True,True,True,2.1128188508143575,False,False,4663,0.23594541993666018,False,0.106,True
-0.7407089887253736,True,True,True,True,2.025334009005264,False,False,4663,0.22837138979647484,False,0.218,True
-0.7195208790927032,True,True,True,True,2.118810963267037,False,False,4663,0.2211808548532609,False,0.481,True
-0.6981530060864525,True,True,True,True,2.136787300625076,False,False,4663,0.2141700832836273,False,0.347,True
-0.6769888649035928,True,True,True,True,2.1164141182859697,False,False,4663,0.20749487001134367,False,0.071,True
-0.658581095448965,True,True,True,True,1.8407769454627743,False,False,4663,0.20083164096396544,False,-0.071,True
-0.6380161655113732,True,True,True,True,2.0564929937591847,False,False,4663,0.1944080964146943,False,0.138,True
-0.6160610654847599,True,True,True,True,2.1955100026613272,False,False,4663,0.18835606283748924,False,0.27,True
-0.5963829681901645,True,True,True,True,1.9678097294595465,False,False,4663,0.18233998193500023,False,-0.142,True
-0.5768127289197171,True,True,True,True,1.957023927044732,False,False,4663,0.17656358553061838,False,-0.083,True
-0.5567631206530556,True,True,True,True,2.004960826666158,False,False,4663,0.17100290517453293,False,-0.274,True
-0.5350716735743603,True,True,True,True,2.1691447078695303,False,False,4663,0.1655740512924064,False,-0.218,True
-0.511738387683631,True,True,True,True,2.333328589072925,False,False,4663,0.1605167083823459,False,0.075,True
-0.49438523002067464,True,True,True,True,1.7353157662956364,False,False,4663,0.155579207721339,False,-0.057,True
-0.472585924917831,True,True,True,True,2.179930510284361,False,False,4663,0.1508334546588178,False,-0.272,True
-0.4522367110285356,True,True,True,True,2.0349213889295448,False,False,4663,0.14632738609440374,False,-0.068,True
-0.4341644998712579,True,True,True,True,1.8072211157277696,False,False,4663,0.14201306512847536,False,-0.128,True
-0.41195773112163214,True,True,True,True,2.2206768749625736,False,False,4663,0.13785453908631665,False,-0.194,True
-0.3929507504217366,True,True,True,True,1.9006980699895537,False,False,4663,0.13393569754226503,False,0.029,True
-0.37141509826681085,True,True,True,True,2.1535652154925753,False,False,4663,0.13018463514688844,False,0.115,True
-0.3502269886341404,True,True,True,True,2.1188109632670424,False,False,4663,0.12672119414924038,False,0.302,True
-0.33205890367761987,True,True,True,True,1.8168084956520558,False,False,4663,0.12344950075007805,False,0.185,True
-0.3067602049024122,True,True,True,True,2.529869877520768,False,False,4663,0.12034558649959069,False,0.133,True
-0.29029387988245225,True,True,True,True,1.6466325019959926,False,False,4663,0.11751730942192654,False,0.234,True
-0.2662655089472123,True,True,True,True,2.402837093523996,False,False,4663,0.11483284304312667,False,0.163,True
-0.2502306160238452,True,True,True,True,1.6034892923367072,False,False,4663,0.11236409271262321,False,0.167,True
-0.23181086234431217,True,True,True,True,1.841975367953305,False,False,4663,0.11012304265532154,False,0.273,True
-0.20587699964912054,True,True,True,True,2.5933862695191627,False,False,4663,0.10804977174669485,False,0.347,True
-0.18666628712583397,True,True,True,True,1.921071252328657,False,False,4663,0.10619221688636458,False,0.53,True
-0.16425578655281717,True,True,True,True,2.24105005730168,False,False,4663,0.10457434652414145,False,0.708,True
-0.14629143341968767,True,True,True,True,1.7964353133129496,False,False,4663,0.1031242553105933,False,0.704,True
-0.12443220719231729,True,True,True,True,2.185922622737038,False,False,4663,0.10191384859515229,False,0.831,True
-0.1049458574962075,True,True,True,True,1.9486349696109795,False,False,4663,0.10094312637781841,False,0.94,True
-0.08470450163106025,True,True,True,True,2.0241355865147246,False,False,5687,0.10014018330915951,False,0.854,True
-0.06397179254479338,True,True,True,True,2.073270908626687,False,False,5687,0.09955295628879704,False,0.906,True
-0.045623944214692465,True,True,True,True,1.834784833010091,False,False,5687,0.09916946109182563,False,0.909,True
-0.024831314003898815,True,True,True,True,2.079263021079365,False,False,5687,0.09896572926843457,False,0.882,True
-0.006315686525122913,True,True,True,True,1.85156274787759,False,False,5687,0.09895374504352922,False,0.95,True
0.0,True,True,True,True,0.6315686525122913,False,False,5687,0.0989297765937185,False,0.862,True
0.0006231796950785418,True,True,True,True,0.062317969507854176,False,False,5687,0.09895374504352922,False,1.0,True
0.0004913532211196194,True,True,True,True,-0.013182647395892238,False,False,5687,0.09895374504352922,False,0.875,True
-2.3968449810713143e-05,True,True,True,True,-0.05153216709303326,False,False,5687,0.09896572926843457,False,0.895,True
0.0008029430686588903,True,True,True,True,0.08269115184696034,False,False,5687,0.09897771349333992,False,0.85,True
0.0014500912135481452,True,True,True,True,0.06471481448892549,False,False,5687,0.09898969771824528,False,0.843,True
0.0023608923063552444,True,True,True,True,0.09108010928070992,False,False,5687,0.099013666168056,False,0.876,True
0.0031518511501087785,True,True,True,True,0.0790958843753534,False,False,5687,0.09904961884277207,False,0.896,True
0.0036192359214176845,True,True,True,True,0.0467384771308906,False,False,5687,0.09908557151748813,False,0.882,True
0.0037989992949980333,True,True,True,True,0.01797633735803488,False,False,5687,0.0991215241922042,False,0.884,True
0.003966778443673025,True,True,True,True,0.016777914867499185,False,False,5687,0.09916946109182563,False,0.903,True
0.004074636467821234,True,True,True,True,0.010785802414820921,False,False,5687,0.09921739799144706,False,0.872,True
0.003990746893483738,True,True,True,True,-0.008388957433749615,False,False,5687,0.09924136644125776,False,0.836,True
0.004050668018010521,True,True,True,True,0.005992112452678309,False,False,5687,0.09927731911597384,False,0.927,True
0.004014715343294451,True,True,True,True,-0.0035952674716070027,False,False,5687,0.09931327179068991,False,0.948,True
0.0035233621221748323,True,True,True,True,-0.04913532211196191,False,False,5687,0.09934922446540598,False,0.967,True
0.0034874094474587622,True,True,True,True,-0.0035952674716070027,False,False,5687,0.0993731929152167,False,0.97,True
0.003415504098026623,True,True,True,True,-0.007190534943213919,False,False,5687,0.09940914558993276,False,1.035,True
0.003139866925203422,True,True,True,True,-0.027563717282320106,False,False,5687,0.09944509826464883,False,1.031,True
0.003139866925203422,True,True,True,True,0.0,False,False,4663,0.0994810509393649,False,1.016,True
0.007466172116037144,True,True,True,True,0.4326305190833723,False,False,4663,0.09963684586313454,False,1.005,True
0.02419615008391492,True,True,True,True,1.6729977967877774,False,False,4663,0.09991248303595773,False,0.846,True
0.04347876795663364,True,True,True,True,1.9282617872718721,False,False,4663,0.100391852032172,False,1.026,True
0.06422346126780587,True,True,True,True,2.0744693311172226,False,False,4663,0.10109892130158804,False,1.251,True
0.08647816691705303,True,True,True,True,2.2254705649247155,False,False,4663,0.1020456750691112,False,1.433,True
0.10855310919271982,True,True,True,True,2.2074942275666793,False,False,4663,0.1032081448849308,False,1.551,True
0.12921391292955456,True,True,True,True,2.066080373683474,False,False,4663,0.10459831497395215,False,1.574,True
0.14770557195851974,True,True,True,True,1.8491659028965184,False,False,4663,0.1062161853361753,False,1.571,True
0.17348363972994174,True,True,True,True,2.5778067771421997,False,False,4663,0.1080377875217895,False,1.481,True
0.19407253811734432,True,True,True,True,2.0588898387402574,False,False,4663,0.11003915308098404,False,1.439,True
0.2154883480232165,True,True,True,True,2.141580990587219,False,False,4663,0.11225623468847501,False,1.563,True
0.22954584383719978,True,True,True,True,1.4057495813983272,False,False,4663,0.11472498501897846,False,1.528,True
0.25104554331740947,True,True,True,True,2.149969948020969,False,False,4663,0.11733754604834619,False,1.438,True
0.2756491570481065,True,True,True,True,2.4603613730697025,False,False,4663,0.12018979157582106,False,1.472,True
0.2950875698445949,True,True,True,True,1.9438412796488391,False,False,4663,0.12322180047687627,False,1.543,True
0.31196135851133694,True,True,True,True,1.6873788666742051,False,False,4663,0.12645754120132255,False,1.7,True
0.3346474962571769,True,True,True,True,2.268613774583994,False,False,4663,0.12993296642387595,False,1.909,True
0.3534267766838707,True,True,True,True,1.87792804266938,False,False,4663,0.13357617079510434,False,1.866,True
0.3773592738198677,True,True,True,True,2.393249713599704,False,False,4663,0.1375069965640613,False,2.006,True
0.39645014409410073,True,True,True,True,1.9090870274233007,False,False,4663,0.1415936172567879,False,1.875,True
0.4135636172589499,True,True,True,True,1.711347316484918,False,False,4663,0.14586000132309485,False,1.836,True
0.4352910170123614,True,True,True,True,2.172739975341148,False,False,4663,0.15035408566260355,False,1.967,True
0.4573180223884068,True,True,True,True,2.2027005376045405,False,False,4663,0.1550878545002194,False,2.118,True
0.47664857716074693,True,True,True,True,1.9330554772340136,False,False,4663,0.1600013867114156,False,2.082,True
0.49922685688243873,True,True,True,True,2.2578279721691796,False,False,4663,0.1651306349709082,False,2.329,True
0.5189768595264663,True,True,True,True,1.9750002644027598,False,False,4663,0.170535520403224,False,2.444,True
0.5375883608044851,True,True,True,True,1.8611501278018805,False,False,4663,0.1760362796347827,False,2.166,True
0.5592318709835591,True,True,True,True,2.1643510179073955,False,False,4663,0.18183664448897527,False,2.449,True
0.5783467097076028,True,True,True,True,1.9114838724043737,False,False,4663,0.18776883581712678,False,2.509,True
0.5991153714685857,True,True,True,True,2.076866176098291,False,False,4663,0.19396468009319612,False,2.519,True
0.6206989605231329,True,True,True,True,2.158358905454716,False,False,4663,0.2004002088673726,False,2.53,True
0.6399456257211356,True,True,True,True,1.9246665198002666,False,False,4663,0.20701550101512942,False,2.353,True
0.659048480220274,True,True,True,True,1.91028544991384,False,False,4663,0.213858493436088,False,2.15,True
0.6798411104310675,True,True,True,True,2.0792630210793583,False,False,4663,0.22083331233100553,False,2.155,True
0.7005738195173344,True,True,True,True,2.07327090862669,False,False,4663,0.2279639261496927,False,2.189,True
0.7203477906111728,True,True,True,True,1.9773971093838383,False,False,4663,0.2353581929162977,False,2.181,True
0.7400378721306736,True,True,True,True,1.9690081519500802,False,False,4663,0.24305206530553664,False,2.164,True
0.7615495558357886,True,True,True,True,2.1511683705115026,False,False,4663,0.2509017326185452,False,2.022,True
0.7828575077175127,True,True,True,True,2.1307951881724074,False,False,4663,0.2588712421806073,False,2.26,True
0.8015289301200582,True,True,True,True,1.867142240254549,False,False,4663,0.2671523415902087,False,1.879,True
0.8219260809089751,True,True,True,True,2.0397150788916907,False,False,4663,0.27566114127301183,False,1.666,True
0.843701417562008,True,True,True,True,2.1775336653032884,False,False,4663,0.28427779897996325,False,1.502,True
0.8645779373471392,True,True,True,True,2.0876519785131165,False,False,4663,0.29314612540992707,False,1.525,True
0.8827939592032812,True,True,True,True,1.8216021856142017,False,False,4663,0.30230207323761954,False,1.423,True
0.8924172918022825,True,True,True,True,0.9623332599001277,False,False,4663,0.3112662734668262,False,1.175,True
0.877413042220776,True,True,True,True,-1.500424958150648,False,False,4663,0.32008666299716865,False,1.437,True
0.8559253269654717,True,True,True,True,-2.148771525530424,False,False,4663,0.3285475257803504,False,1.49,True
0.8318010822309889,True,True,True,True,-2.4124244734482825,False,False,4663,0.3369724358888161,False,1.576,True
0.8125544170329863,True,True,True,True,-1.9246665198002666,False,False,4663,0.3450617876999318,False,1.613,True
0.7909228910788176,True,True,True,True,-2.163152595416862,False,False,4663,0.3529953445872778,False,1.985,True
0.769051680626542,True,True,True,True,-2.187121045227569,False,False,4663,0.36073715387613814,False,2.013,True
0.7479234921183983,True,True,True,True,-2.1128188508143686,False,False,4663,0.3682632471167021,False,2.026,True
0.7279338049762635,True,True,True,True,-1.9989687142134782,False,False,4663,0.37558560853387496,False,2.108,True
0.708555313304302,True,True,True,True,-1.9378491671961484,False,False,4663,0.3826323327782246,False,2.207,True
0.6904231810224974,True,True,True,True,-1.8132132281804547,False,False,4663,0.38957119899842607,False,2.282,True
0.669031339566436,True,True,True,True,-2.1391841456061433,False,False,4663,0.39625839649561506,False,2.312,True
0.6470522710900121,True,True,True,True,-2.1979068476423946,False,False,4663,0.40271789371960226,False,2.362,True
0.6253128871116952,True,True,True,True,-2.1739383978316873,False,False,4663,0.40899762757000907,False,2.346,True
0.6062340010623676,True,True,True,True,-1.9078886049327615,False,False,4663,0.4151215664966463,False,2.462,True
0.5840032638629311,True,True,True,True,-2.2230737199436468,False,False,4663,0.42100582092517636,False,2.468,True
0.5648285040143606,True,True,True,True,-1.9174759848570533,False,False,4663,0.4267103119801261,False,2.369,True
0.5435085679077313,True,True,True,True,-2.13199361066293,False,False,4663,0.4321151974124419,False,2.287,True
0.5245854767821733,True,True,True,True,-1.8923091125558011,False,False,4663,0.4373762721458934,False,2.313,True
0.5039126888204332,True,True,True,True,-2.0672787961740102,False,False,4663,0.44244559928085925,False,2.345,True
0.4840428439273519,True,True,True,True,-1.9869844893081245,False,False,4663,0.44728722614262334,False,2.309,True
0.4610930532335941,True,True,True,True,-2.29497906937578,False,False,4663,0.4519850423055231,False,2.378,True
0.44020454922355756,True,True,True,True,-2.0888504010036555,False,False,4663,0.4563952370706943,False,2.253,True
0.41687126333282837,True,True,True,True,-2.333328589072919,False,False,4663,0.46064963691209593,False,2.275,True
0.39937429497100774,True,True,True,True,-1.749696836182063,False,False,4663,0.4646044311308636,False,1.976,True
0.38016358244772114,True,True,True,True,-1.92107125232866,False,False,4663,0.4683794619760509,False,2.058,True
0.35889158324071324,True,True,True,True,-2.1271999207007894,False,False,4663,0.4719148083231311,False,2.146,True
0.33853038512651246,True,True,True,True,-2.0361198114200785,False,False,4663,0.47530634397134697,False,2.315,True
0.31931967260322586,True,True,True,True,-1.92107125232866,False,False,4663,0.47849414779617183,False,2.206,True
0.29427264255103064,True,True,True,True,-2.504703005219522,False,False,4663,0.48147821979760563,False,2.116,True
0.27393541288664053,True,True,True,True,-2.033722966439011,False,False,4663,0.48423459152583764,False,1.917,True
0.2564983656493467,True,True,True,True,-1.7437047237293835,False,False,4663,0.4867273103061518,False,1.86,True
0.23350063805596744,True,True,True,True,-2.299772759337926,False,False,4663,0.4890762183876017,False,1.928,True
0.21672272318846825,True,True,True,True,-1.6777914867499188,False,False,4663,0.4912213946456605,False,1.776,True
0.196313588174646,True,True,True,True,-2.0409135013822244,False,False,4663,0.49311490218070686,False,1.573,True
0.17496968361820595,True,True,True,True,-2.134390455644006,False,False,4663,0.4947807094425514,False,1.625,True
0.15062972283542675,True,True,True,True,-2.4339960782779198,False,False,4663,0.49629072178062633,False,1.816,True
0.13084376751668306,True,True,True,True,-1.978595531874369,False,False,4663,0.49759700229531023,False,1.68,True
0.11401791574956242,True,True,True,True,-1.6825851767120634,False,False,4663,0.4986875667616977,False,1.514,True
0.09237440557048845,True,True,True,True,-2.164351017907397,False,False,5687,0.49957439940469406,False,1.487,True
0.07255249757702868,True,True,True,True,-1.9821907993459773,False,False,5687,0.5002215475495833,False,1.384,True
0.051927646514910025,True,True,True,True,-2.0624851062118656,False,False,5687,0.5006529796461762,False,1.383,True
0.03138668502712886,True,True,True,True,-2.0540961487781164,False,False,5687,0.5009286168189994,False,1.521,True
0.012942962897785097,True,True,True,True,-1.844372212934376,False,False,5687,0.5009885379435262,False,1.394,True
0.0007669903939428206,True,True,True,True,-1.2175972503842276,False,False,5687,0.5009885379435262,False,1.458,True
0.0,True,True,True,True,-0.07669903939428206,False,False,5687,0.5009885379435262,False,1.469,True
-0.00047936899621426287,True,True,True,True,-0.047936899621426284,False,False,5687,0.5009885379435262,False,1.455,True
-0.00047936899621426287,True,True,True,True,0.0,False,False,5687,0.5009885379435262,False,1.442,True
-0.000503337446024976,True,True,True,True,-0.002396844981071317,False,False,5687,0.5009765537186207,False,1.434,True
-0.0008748484180910297,True,True,True,True,-0.037151097206605366,False,False,5687,0.50095258526881,False,1.467,True
-0.001905491759951695,True,True,True,True,-0.10306433418606652,False,False,5687,0.5009406010439047,False,1.525,True
-0.0026245452542730894,True,True,True,True,-0.07190534943213944,False,False,5687,0.500916632594094,False,1.473,True
-0.003163835375014135,True,True,True,True,-0.05392901207410456,False,False,5687,0.5008926641442832,False,1.443,True
-0.0035353463470801888,True,True,True,True,-0.03715109720660537,False,False,5687,0.5008686956944726,False,1.385,True
-0.003882888869335529,True,True,True,True,-0.03475425222553403,False,False,5687,0.5008087745699458,False,1.318,True
-0.003966778443673025,True,True,True,True,-0.008388957433749615,False,False,5687,0.5007848061201351,False,1.432,True
-0.0038709046444301725,True,True,True,True,0.009587379924285268,False,False,5687,0.5007368692205136,False,1.349,True
-0.0038709046444301725,True,True,True,True,0.0,False,False,5687,0.500712900770703,False,1.392,True
-0.003834951969714103,True,True,True,True,0.0035952674716069593,False,False,5687,0.5006769480959868,False,1.314,True
-0.0037989992949980333,True,True,True,True,0.0035952674716069593,False,False,5687,0.5006529796461762,False,1.3,True
-0.003631220146323041,True,True,True,True,0.01677791486749923,False,False,5687,0.50061702697146,False,1.289,True
-0.003463440997648049,True,True,True,True,0.016777914867499185,False,False,5687,0.5005690900718387,False,1.22,True
-0.00335558297349984,True,True,True,True,0.010785802414820921,False,False,5687,0.5005331373971226,False,1.292,True
-0.003379551423310553,True,True,True,True,-0.002396844981071306,False,False,4663,0.5005211531722172,False,1.243,True
-0.0033196302987837704,True,True,True,True,0.0059921124526782655,False,False,4663,0.5004612320476904,False,1.2,True
-0.01426122763737432,True,True,True,True,-1.094159733859055,False,False,4663,0.5002694844492047,False,1.19,True
-0.033939324931969814,True,True,True,True,-1.9678097294595491,False,False,4663,0.499874005027328,False,1.067,True
-0.05539108751255807,True,True,True,True,-2.1451762580588256,False,False,4663,0.49927479378206013,False,0.977,True
-0.07391869921623934,True,True,True,True,-1.8527611703681266,False,False,4663,0.4984239138137798,False,0.794,True
-0.0981028650752489,True,True,True,True,-2.4184165859009563,False,False,4663,0.4973573177972031,False,0.885,True
-0.11544403851329986,True,True,True,True,-1.7341173438050959,False,False,4663,0.4960630215074246,False,0.786,True
-0.14430205208539848,True,True,True,True,-2.885801357209862,False,False,4663,0.494564993394255,False,0.85,True
-0.1607444086555477,True,True,True,True,-1.6442356570149224,False,False,4663,0.49292315458222113,False,0.833,True
-0.18257966643310736,True,True,True,True,-2.1835257777559653,False,False,4663,0.4910056785973641,False,0.628,True
-0.20185030008092072,True,True,True,True,-1.9270633647813367,False,False,4663,0.488884470789116,False,0.563,True
-0.22331404688641435,True,True,True,True,-2.146374680549362,False,False,4663,0.48653556270766607,False,0.668,True
-0.2461200268813079,True,True,True,True,-2.280597999489356,False,False,4663,0.4839949070277305,False,0.686,True
-0.2598060117232251,True,True,True,True,-1.3685984841917187,False,False,4663,0.4812385352994985,False,0.664,True
-0.28562003216936316,True,True,True,True,-2.581402044613806,False,False,4663,0.47827843174787543,False,0.649,True
-0.3041236754232337,True,True,True,True,-1.850364325387055,False,False,4663,0.47517451749738804,False,0.639,True
-0.3215127857609061,True,True,True,True,-1.7389110337672375,False,False,4663,0.47184290297369896,False,0.606,True
-0.34512170882445853,True,True,True,True,-2.3608923063552445,False,False,4663,0.46828358817680804,False,0.566,True
-0.36659743985485754,True,True,True,True,-2.1475731030399015,False,False,4663,0.46453252578143145,False,0.398,True
-0.38838476073279576,True,True,True,True,-2.178732087793822,False,False,4663,0.4606256684622852,False,0.335,True
-0.4062772085164931,True,True,True,True,-1.7892447783697363,False,False,4663,0.456419205520505,False,0.012,True
-0.4286397721898885,True,True,True,True,-2.2362563673395397,False,False,4663,0.45199702653042845,False,0.318,True
-0.4455734819811573,True,True,True,True,-1.6933709791268792,False,False,4663,0.4473830999418662,False,0.161,True
-0.46480816295425464,True,True,True,True,-1.923468097309733,False,False,4663,0.44256544152991284,False,0.208,True
-0.48367133295528586,True,True,True,True,-1.8863170001031215,False,False,4663,0.4375560355194738,False,0.029,True
-0.5094374165018025,True,True,True,True,-2.576608354651666,False,False,4663,0.43234289768564366,False,-0.085,True
-0.5288638450733855,True,True,True,True,-1.9426428571582943,False,False,4663,0.4268780911288011,False,-0.24,True
-0.5505073552524595,True,True,True,True,-2.1643510179074066,False,False,4663,0.4211496316240406,False,-0.217,True
-0.5668298695735551,True,True,True,True,-1.632251432109555,False,False,4663,0.4152893456453213,False,-0.032,True
-0.5886291746763987,True,True,True,True,-2.179930510284367,False,False,4663,0.40921334361830547,False,0.099,True
-0.6121422239407083,True,True,True,True,-2.3513049264309527,False,False,4663,0.402945593992804,False,-0.014,True
-0.6294953816036646,True,True,True,True,-1.735315766295631,False,False,4663,0.3964621283190061,False,0.034,True
-0.6492453842476923,True,True,True,True,-1.9750002644027709,False,False,4663,0.38967905702257427,False,0.068,True
-0.6696185665867984,True,True,True,True,-2.037318233910612,False,False,4663,0.3828001119268996,False,0.295,True
-0.6887214210859368,True,True,True,True,-1.91028544991384,False,False,4663,0.3757054507829285,False,0.28,True
-0.7106645368876447,True,True,True,True,-2.1943115801707935,False,False,4663,0.3684190420404717,False,0.201,True
-0.7311575614758045,True,True,True,True,-2.0493024588159714,False,False,4663,0.36085699612519173,False,0.161,True
-0.7535560778239159,True,True,True,True,-2.239851634811141,False,False,4663,0.35312717106123676,False,0.342,True
-0.7711489199849794,True,True,True,True,-1.7592842161063493,False,False,4663,0.34526551952332285,False,0.333,True
-0.7934635467587533,True,True,True,True,-2.231462677377394,False,False,4663,0.3371881519371125,False,0.26,True
-0.8106848779477507,True,True,True,True,-1.722133118899738,False,False,4663,0.32875125760374146,False,0.27,True
-0.8326040252996478,True,True,True,True,-2.191914735189715,False,False,4663,0.3201345998967901,False,0.498,True
-0.8526536335663094,True,True,True,True,-2.004960826666158,False,False,4663,0.3113741314909744,False,0.809,True
-0.8731706266042798,True,True,True,True,-2.051699303797039,False,False,4663,0.3023739785870517,False,0.935,True
-0.8940351621645056,True,True,True,True,-2.0864535560225828,False,False,4663,0.2931221569601164,False,0.927,True
-0.9145042183028547,True,True,True,True,-2.046905613834904,False,False,4663,0.28375049308412753,False,1.369,True
-0.933103735355968,True,True,True,True,-1.8599517053113357,False,False,4663,0.27416311315984226,False,1.305,True
-0.9536686652935599,True,True,True,True,-2.0564929937591847,False,False,4663,0.26428811183782847,False,1.223,True
-0.9744253428296374,True,True,True,True,-2.0756677536077572,False,False,4663,0.25446104741543607,False,1.335,True
-0.994606777570258,True,True,True,True,-2.0181434740620507,False,False,4663,0.24443025116965264,False,1.34,True
-0.9966321115792632,True,True,True,True,-0.20253340090052863,False,False,4663,0.23433953379934241,False,1.091,True
-0.9743654217051106,True,True,True,True,2.226668987415259,False,False,4663,0.22460834317619285,False,1.292,True
-0.953201280522251,True,True,True,True,2.1164141182859697,False,False,4663,0.21503294747681295,False,1.27,True
-0.9340864417982072,True,True,True,True,1.9114838724043737,False,False,4663,0.20556540980158128,False,1.14,True
-0.9111606195542601,True,True,True,True,2.2925822243947125,False,False,4663,0.19630160394974064,False,1.101,True
-0.8884984502582308,True,True,True,True,2.2662169296029266,False,False,4663,0.18749319864430355,False,1.27,True
-0.8694195642089032,True,True,True,True,1.9078886049327615,False,False,4663,0.1787087617886772,False,0.976,True
-0.8483992337249078,True,True,True,True,2.102033048399543,False,False,4663,0.17011607253153654,False,0.91,True
-0.8279421618114641,True,True,True,True,2.0457071913443703,False,False,4663,0.16178703622231372,False,0.686,True
-0.8066941310542669,True,True,True,True,2.1248030757197167,False,False,4663,0.15374562131081945,False,0.666,True
-0.7886458883467999,True,True,True,True,1.8048242707466966,False,False,4663,0.14577611174875735,False,0.158,True
-0.7680210372846813,True,True,True,True,2.0624851062118643,False,False,4663,0.13796239711046485,False,0.161,True
-0.7465453062542823,True,True,True,True,2.1475731030399015,False,False,4663,0.1303643985204688,False,0.297,True
-0.7256208495695297,True,True,True,True,2.0924456684752624,False,False,4663,0.1231858478021602,False,0.333,True
-0.7059547364998395,True,True,True,True,1.9666113069690128,False,False,4663,0.11609118665818911,False,0.17,True
-0.6838917784490781,True,True,True,True,2.2062958050761416,False,False,4663,0.10915232043798766,False,0.066,True
-0.6622482682700042,True,True,True,True,2.1643510179073955,False,False,4663,0.10253702829023083,False,0.05,True
-0.6404010262675391,True,True,True,True,2.1847242002465017,False,False,4663,0.09614943641567578,False,0.23,True
-0.6226044522830846,True,True,True,True,1.7796573984454556,False,False,4663,0.0899296236897957,False,0.086,True
-0.6010448316783481,True,True,True,True,2.1559620604736485,False,False,4663,0.08393751123711743,False,-0.194,True
-0.5807315704637688,True,True,True,True,2.0313261214579326,False,False,4663,0.07817309905764092,False,-0.036,True
-0.559363697457518,True,True,True,True,2.136787300625076,False,False,4663,0.07256448180193405,False,-0.095,True
-0.540608385480635,True,True,True,True,1.8755311976883071,False,False,4663,0.0671955490443343,False,-0.126,True
-0.5210860831098091,True,True,True,True,1.9522302370825861,False,False,4663,0.06199439543540954,False,-0.198,True
-0.5001616264250566,True,True,True,True,2.0924456684752513,False,False,4663,0.05693705252534907,False,-0.178,True
-0.4791412959410611,True,True,True,True,2.1020330483995484,False,False,4663,0.052143362563206445,False,-0.159,True
-0.4597148673694781,True,True,True,True,1.9426428571582999,False,False,4663,0.04749348329992809,False,-0.127,True
-0.43778373579267554,True,True,True,True,2.193113157680254,False,False,4663,0.04310725698456759,False,-0.059,True
-0.4176502379516765,True,True,True,True,2.013349784099905,False,False,4663,0.03887682559297672,False,0.041,True
-0.39479632105716156,True,True,True,True,2.2853916894514934,False,False,4663,0.034969968273830476,False,0.352,True
-0.376292677803291,True,True,True,True,1.850364325387055,False,False,4663,0.031170968978832442,False,0.095,True
-0.3517489851971207,True,True,True,True,2.4543692606170286,False,False,4663,0.027635622631752253,False,0.173,True
-0.3355343289001733,True,True,True,True,1.6214656296947405,False,False,4663,0.024256071208441702,False,0.097,True
-0.31015174055062805,True,True,True,True,2.5382588349545263,False,False,4663,0.021128188508143637,False,0.272,True
-0.29809561029583936,True,True,True,True,1.2056130254788688,False,False,4663,0.01818006918142592,False,0.293,True
-0.2776385383823957,True,True,True,True,2.0457071913443645,False,False,4663,0.015471634352815334,False,0.348,True
-0.2501587106744131,True,True,True,True,2.747982770798263,False,False,4663,0.01293097867287974,False,0.328,True
-0.23365643297973707,True,True,True,True,1.650227769467602,False,False,4663,0.010618023266145922,False,0.399,True
-0.21200093857575775,True,True,True,True,2.165549440397932,False,False,4663,0.008544752357519236,False,0.5,True
-0.18808042566466604,True,True,True,True,2.3920512911091705,False,False,4663,0.006675213272283611,False,0.654,True
-0.17259680708694536,True,True,True,True,1.5483618577720681,False,False,4663,0.004973453335722977,False,0.722,True
-0.15187608222558382,True,True,True,True,2.0720724861361535,False,False,4663,0.0035113778972694753,False,0.97,True
-0.12932177095370276,True,True,True,True,2.2554311271881065,False,False,4663,0.0022770027320177487,False,0.855,True
-0.11380219970126601,True,True,True,True,1.5519571252436748,False,False,4663,0.0012104067154410137,False,0.702,True
-0.09213472107238133,True,True,True,True,2.166747862888468,False,False,5687,0.0003235740724446274,False,0.705,True
-0.07136605931139839,True,True,True,True,2.0768661760982936,False,False,5687,-0.0003235740724446274,False,0.942,True
-0.05138835639416898,True,True,True,True,1.997770291722941,False,False,5687,-0.0007310377192267509,False,0.958,True
-0.03196192782258598,True,True,True,True,1.9426428571582999,False,False,5687,-0.0009946906671445955,False,0.836,True
-0.013050820921933307,True,True,True,True,1.8911106900652674,False,False,5687,-0.001066596016576735,False,0.838,True
-0.0006111954701731851,True,True,True,True,1.2439625451760121,False,False,5687,-0.0010546117916713782,False,0.864,True
0.0003115898475392709,True,True,True,True,0.0922785317712456,False,False,5687,-0.0010785802414820915,False,0.793,True
-5.992112452678286e-05,True,True,True,True,-0.03715109720660537,False,False,5687,-0.0010546117916713782,False,0.931,True
-4.7936899621426287e-05,True,True,True,True,0.0011984224905356572,False,False,5687,-0.0010546117916713782,False,0.814,True
0.00044341632149819316,True,True,True,True,0.04913532211196195,False,False,5687,-0.0010426275667660217,False,0.836,True
0.001174454040724944,True,True,True,True,0.07310377192267507,False,False,5687,-0.0010186591169553086,False,0.805,True
0.002181128932774896,True,True,True,True,0.1006674892049952,False,False,5687,-0.001006674892049952,False,0.762,True
0.0029481193267177166,True,True,True,True,0.07669903939428206,False,False,5687,-0.0009707222173338823,False,0.835,True
0.0035473305719855453,True,True,True,True,0.059921124526782873,False,False,5687,-0.0009467537675231692,False,0.819,True
0.003906857319146242,True,True,True,True,0.03595267471606968,False,False,5687,-0.0008868326429963863,False,0.889,True
0.0011385013660088743,True,True,True,True,-0.27683559531373675,False,False,5687,-0.0008748484180910297,False,0.756,True
-3.5952674716069715e-05,True,True,True,True,-0.11744540407249442,False,False,5687,-0.0008868326429963863,False,0.715,True
0.0,True,True,True,True,0.0035952674716069714,False,False,5687,-0.0008868326429963863,False,0.776,True
0.0,True,True,True,True,0.0,False,False,5687,-0.0008748484180910297,False,0.776,True
0.0,True,True,True,True,0.0,False,False,5687,-0.0008748484180910297,False,0.713,True
0.0,True,True,True,True,0.0,False,False,5687,-0.0008748484180910297,False,0.713,True
0.0,True,True,True,True,0.0,False,False,5687,-0.0008628641931856732,False,0.713,True
0.0,True,True,True,True,0.0,False,False,5687,-0.0008748484180910297,False,0.647,True
